{"locations":[{ "september":[
   { "9/01": [{
       "teams":"U1 and U4",
       "location":"Aj Katzenmaier",
       "times":"9:30 a.m."
   },
   {
    "teams":"U3 and U2",
    "location":"Greenbay",
    "times":"1:00 p.m."
}
   
]
},
{ "9/08": [{
    "teams":"U5 and U6",
    "location":"Howard A Yeager",
    "times":"9:00 a.m."
},
{
 "teams":"U6 and U1",
 "location":"Marjorie P Hart",
 "times":"1:00 p.m."
}

]
},
{ "9/15": [{
    "teams":"U2 and U4",
    "location":"North",
    "times":"9:30 a.m."
},
{
 "teams":"U3 and U5",
 "location":"AJ Katzenmaier",
 "times":"1:00 p.m."
}

]
},
{ "9/22": [{
    "teams":"U1 and U3",
    "location":"South",
    "times":"9:30 a.m."
},
{
 "teams":"U2 and U6",
 "location":"Howard A Yeager",
 "times":"1:00 p.m."
}

]
},
{ "9/29": {
    "teams":"U4 and U5",
    "location":"Greenbay",
    "times":"9:30 a.m."
}}

]

},
{
    "October":[
        { "10/06": [{
            "teams":"U2 and U5",
            "location":"Marjorie P Hart",
            "times":"9:30 a.m."
        },
        {
         "teams":"U1 and U6",
         "location":"South",
         "times":"1:00 p.m."
     }
        
     ]
     },
     { "10/13": [{
        "teams":"U23 and U4",
        "location":"Howard A Yeager",
        "times":"9:30 a.m."
    },
    {
     "teams":"U5 and U1",
     "location":"Greenbay ",
     "times":"1:00 p.m."
 }
    
 ]
 },
 { "10/20": [{
    "teams":"U6 and U3",
    "location":"North",
    "times":"9:30 a.m."
},
{
 "teams":"U2 and U4",
 "location":"Marjorie P Har",
 "times":"1:00 p.m."
}

]
},
{ "10/13": [{
    "teams":"U23 and U4",
    "location":"Howard A Yeager",
    "times":"9:30 a.m."
},
{
 "teams":"U5 and U1",
 "location":"Greenbay ",
 "times":"1:00 p.m."
}

]
},
{ "10/27": [{
"teams":"U3 and U1",
"location":"AJ Katzenmaier",
"times":"9:30 a.m."
},
{
"teams":"U5 and U6",
"location":"Howard A Yeager",
"times":"1:00 p.m."
}

]
}

    ]
}]}